{
  "feature_columns": [
    "period",
    "seconds_remaining",
    "score_differential",
    "home_team",
    "possession_team",
    "team_fouls",
    "opponent_fouls"
  ],
  "mean": [
    2.4773920406435224,
    1432.3759525825558,
    0.13835732430143946,
    0.5017781541066892,
    0.4541913632514818,
    10.07502116850127,
    10.094496189669771
  ],
  "scale": [
    1.1136313302053114,
    828.5898229932807,
    15.296582286481055,
    0.49999683815795076,
    0.49789714680770236,
    6.7601182121740155,
    6.767548095038278
  ]
}